,dataset_a,dataset_b,dataset_c,dataset_d
R2,0.07586919994830048,0.08392056374119156,0.0794386507016866,0.10220994475138125
R2_ADJ,0.07467322376083872,0.08262766230433669,0.07407407407407411,0.09699419045213435
RMSE,0.10907258321744352,0.11897319435052757,0.11121601449367823,0.15139259240357753
