,OLS,dataset_a,dataset_b,dataset_c,dataset_d
R2,0.16167832167832158,0.22528111671190384,0.23203074951953867,0.22827346465816906,0.24736313410346553
R2_ADJ,0.16167832167832158,0.22427850394719814,0.23094688221709,0.22377622377622372,0.24299065420560736
RMSE,0.1565529932097237,0.24854993704735978,0.256900577872954,0.2503578077415606,0.2842446221227415
